Provider,Overall score /10,Security /10,Speed /10,Streaming /10,System Performance /10,Value for Money /10,Ease of Use /10,Categories scored (of 6),Speed countries covered,Last speed measurement (UTC),Netflix,Disney+,BBC iPlayer,ITVX,Streaming services last tested (UTC),Lowest monthly price — intro (USD),Lowest monthly price — renewal (USD),Standard monthly price (USD),Devices Supported,"Median download Mbps (best protocol, benchmark)",Countries Supported,Servers,No-logs status,Simultaneous Connections,Port forwarding (Yes/No),SmartDNS (Yes/No)
AdGuard VPN,3.02,6.0,5.0,0.3,,6.46,4.3,5,,,,,,,,2.99,11.99,11.99,"Windows, macOS, Android, iOS, Apple TV, Android TV, Linux, Router, Chrome, Firefox, Edge",,62,0,logs_kept,10,No,No
AirVPN,2.31,5.0,5.0,0.3,,4.35,2.0,5,,,,,,,,,3.19,8.12,"Windows, macOS, Linux, iOS, Android, Router, Chrome",,27,255,,5,Yes,
Anonymous VPN,2.08,5.2,5.0,0.15,,4.35,2.3,5,,,,,,,,5.75,5.75,12.00,"Windows, macOS, Android, Router, iOS",,22,1000,logs_kept,3,No,No
Astrill,3.03,6.7,5.0,0.6,,2.55,5.02,5,,,,,,,,12.50,30.00,30.00,"Windows, macOS, Linux, iOS, Android, Router",,56,300,logs_kept,5,Yes,Yes
Astrill VPN,2.35,6.4,5.0,0.45,,1.45,3.42,5,,,,,,,,,,,,,0,48,,0,,Yes
Avast Secureline VPN,3.5,6.1,5.0,0.6,,6.36,4.52,5,,,,,,,,3.99,8.33,,"Windows, macOS, Android, iOS, Android TV",,60,0,logs_kept,10,No,No
AVG Secure VPN,2.5,4.0,5.0,0.3,,3.96,4.1,5,,,,,,,,3.99,8.33,,"Windows, macOS, Android, iOS",,65,8000,,10,,
Bitdefender VPN,3.02,8.3,5.0,0.3,,6.76,3.0,5,,,,,,,,2.92,5.83,2.92,"Windows, macOS, iOS, Android",,100,3000,audited,10,No,No
BolehVPN,3.41,7.1,5.0,0.45,,6.25,4.6,5,,,,,,,,6.66,6.66,9.99,"Windows, macOS, Linux, iOS, Android, Router",,12,300,logs_kept,3,No,No
BulletVPN,2.05,5.4,5.0,0.3,,2.11,2.1,5,,,,,,,,,,,,,27,52,,6,,
bVPN,3.31,6.2,5.0,0.6,,5.61,3.8,5,,,,,,,,7.50,7.50,9.99,"Windows, macOS, iOS, Android, Android TV, Linux",,80,1000,logs_kept,6,Yes,No
CactusVPN,3.69,9.0,5.0,0.6,,6.7,3.8,5,,,,,,,,3.96,3.96,15.00,"Windows, macOS, iOS, Android, Android TV, Fire TV, Apple TV, Linux, Router",,22,6000,audited,Unlimited,Yes,Yes
ClearVPN Review,3.23,5.6,5.0,0.6,,6.51,3.2,5,,,,,,,,3.75,3.75,9.99,"Windows, macOS, iOS, Android, Chrome",,45,0,logs_kept,6,No,No
CloudVPN,2.42,5.2,5.0,0.3,,5.61,1.9,5,,,,,,,,4.16,4.16,9.99,"Windows, macOS, iOS, Android",,41,95,,6,,
CyberGhost,7.92,9.05,6.71,9.8,6.59,7.21,8.72,6,6 of 7,2026-06-27T13:39:12Z,working,,,blocked,2026-06-25T03:46:28Z,1.59,3.45,12.99,"Windows, macOS, Linux, iOS, Android, Android TV, Fire TV, Smart TV, Router, Chrome, Firefox",711.865,100,11690,audited,7,No,Yes
ExpressVPN,8.09,10.0,7.99,9.8,6.59,6.71,8.12,6,7 of 7,2026-06-27T12:12:15Z,working,,,working,2026-06-25T03:06:54Z,2.49,8.33,12.99,"Windows, macOS, Linux, iOS, Android, Android TV, Apple TV, Fire TV, Router, Smart TV, Chrome, Firefox, Edge",691.745,105,3000,audited,7,No,Yes
F-Secure Freedome VPN,1.83,3.8,5.0,0.15,,4.05,1.8,5,,,,,,,,3.75,3.75,,"Windows, macOS, Android, iOS",,20,0,,1,,
FastestVPN,3.84,7.8,5.0,0.6,,5.86,6.1,5,,,,,,,,,,5.00,"Windows, macOS, Linux, iOS, Android, Chrome, Firefox, Edge, Fire TV, Apple TV, Android TV, Router",,49,800,claimed,10,No,No
FrootVPN,2.62,5.6,5.0,0.3,,4.75,3.1,5,,,,,,,,6.36,6.36,29.98,"Windows, macOS, Linux, Android",,32,150,logs_kept,5,No,No
Goose VPN,2.89,4.3,5.0,0.45,,3.7,5.6,5,,,,,,,,,,9.99,"Windows, macOS, iOS, Android, Router, Android TV, Linux",,30,33,logs_kept,1/5/10,No,No
Hide My Ass!,2.82,6.5,5.0,0.45,,4.1,3.0,5,,,,,,,,2.99,11.99,,"Windows, macOS, iOS, Android, Android TV",,65,3400,claimed,5/10,No,Yes
Hide.me,4.13,7.7,5.0,0.6,,7.96,6.5,5,,,,,,,,2.59,2.59,11.99,"Windows, macOS, Linux, iOS, Android, Apple TV, Android TV, Fire TV, Chrome, Firefox, Edge, Router",,60,2600,claimed,10,Yes,No
HotVPN,1.31,4.3,5.0,0.3,,0.45,,4,,,,,,,,,,,,,31,2000,,5,,
IPVanish,6.65,8.0,5.25,5.3,6.86,6.5,8.72,6,7 of 7,2026-06-27T14:03:26Z,working,,,working,2026-06-25T04:08:15Z,2.19,7.49,12.99,"Windows, macOS, Linux, iOS, Android, Android TV, Apple TV, Fire TV, Router, Chrome, Chromebook",585.63,110,3200,audited,Unlimited,No,No
Ironsocket (DNS),1.33,4.9,5.0,0.3,,0.95,0.6,5,,,,,,,,,,,,,51,3000,,5,,
Ivacy,2.06,4.2,5.0,0.3,,2.56,2.3,5,,,,,,,,,,,,,55,5700,,10,,
iVPN,2.72,7.4,5.0,0.15,,5.3,5.1,5,,,,,,,,6.00,6.00,6.00,"Windows, macOS, iOS, Android, Linux, Router",,41,88,claimed,5/10,No,No
Keenow,0.91,5.7,5.0,0.3,,0.75,0.0,5,,,,,,,,,,,,,0,43,,5,,
Lantern (not a VPN - web-browser-based service),1.29,4.5,5.0,0.15,,0.75,1.4,5,,,,,,,,,,,,,18,0,,0,,
Monster VPN,2.04,3.9,5.0,0.3,,3.75,1.6,5,,,,,,,,4.75,4375.00,8.50,,,18,50,,5,,
Mullvad VPN,4.13,7.2,5.47,0.8,7.5,5.55,3.8,6,6 of 7,2026-06-27T09:55:44Z,,,,,,5.77,5.77,5.77,"Windows, macOS, Linux, Router, Android TV, Fire TV",660.81,50,540,claimed,5,No,No
NoLagVPN,1.92,3.6,5.0,0.15,,4.8,2.0,5,,,,,,,,2.99,2.99,7.90,,,21,0,,No,No,
NordVPN,7.84,10.0,6.34,10.0,6.72,6.26,8.72,6,7 of 7,2026-06-27T10:43:02Z,working,,,working,2026-06-25T02:10:02Z,3.09,11.59,12.99,"Windows, macOS, Linux, iOS, Android, Android TV, Apple TV, Fire TV, Router, Chrome, Firefox, Edge, Chromebook",697.86,135,8000,audited,10,No,Yes
Norton Secure VPN,3.06,7.9,5.0,0.3,,5.65,4.0,5,,,,,,,,3.33,6.66,,"Windows, macOS, iOS, Android, Apple TV, Android TV, Chrome, Firefox, Edge",,90,100,audited,5,No,No
Oeck VPN,3.36,7.0,5.0,0.5,,4.41,5.52,5,,,,,,,,,,,"Windows, Linux, Android, Router",,3,0,claimed,6,Yes,
OneVPN,1.83,5.0,5.0,0.3,,1.51,,4,,,,,,,,,,,,,41,95,,6,Yes,
Overplay (DNS),1.86,4.3,5.0,0.3,,1.86,,4,,,,,,,,,,,,,60,2500,,10,No,
OVPN,2.41,6.3,5.0,0.15,,4.8,3.6,5,,,,,,,,4.22,4.22,12.00,"Windows, macOS, iOS, Android, Linux, Router",,20,96,logs_kept,4/5/7,Yes,No
Perfect Privacy,1.41,5.5,5.0,0.15,,0.95,,4,,,,,,,,,,,,,0,0,,0,,
PrivadoVPN,3.86,6.7,5.0,0.6,,7.76,5.52,5,,,,,,,,1.11,3.99,10.99,"Windows, macOS, iOS, Android, Linux, Apple TV, Fire TV, Android TV, Chrome, Edge, Firefox, Router",,49,311,logs_kept,10,No,Yes
Private Internet Access,4.73,8.3,5.0,0.8,,8.5,8.42,5,,,,,,,,1.33,2.19,11.95,"Windows, macOS, Linux, Android, iOS, Chrome, Firefox, Android TV, Apple TV, Fire TV, Router, Edge",,90,17000,audited,Unlimited,Yes,Yes
PrivateVPN,4.39,5.9,5.0,1.0,,7.46,7.4,5,,,,,,,,2.00,6.00,9.90,"Windows, macOS, iOS, Android, Fire TV, Chrome, Linux, Router, Android TV",,63,200,logs_kept,10,Yes,No
ProtonVPN,6.9,7.6,5.61,5.5,6.76,7.76,8.8,6,7 of 7,2026-06-27T11:39:43Z,working,,,working,2026-06-10T16:23:59Z,2.99,6.99,9.99,"Windows, macOS, Linux, iOS, Android, Android TV, Apple TV, Fire TV, Router, Chromebook, Chrome, Firefox",654.63,148,20332,claimed,10,Yes,No
PureVPN,4.79,7.7,5.0,1.0,,7.76,8.42,5,,,,,,,,1.99,3.99,12.95,"Windows, macOS, iOS, Android, Linux, Chrome, Firefox, Edge, Apple TV, Android TV, Fire TV, Router",,65,6000,claimed,10,Yes,Yes
Rocket VPN,2.9,6.1,5.0,0.3,,5.36,4.2,5,,,,,,,,4.17,5.83,19.99,"Windows, macOS, Linux, iOS, Android, Apple TV, Android TV, Router",,60,100,logs_kept,10,No,No
Smart DNS Proxy,2.31,4.1,5.0,1.2,,5.35,0.5,5,,,,,,,,2.85,4.61,6.79,,,39,400,,5,Yes,Yes
Speedify,2.9,5.3,5.0,0.3,,4.45,5.82,5,,,,,,,,4.99,14.99,14.99,"Windows, macOS, Linux, iOS, Android, Router, Android TV",,37,56,logs_kept,5,No,No
StrongVPN,3.89,5.8,5.0,0.8,,5.46,7.02,5,,,,,,,,3.97,7.49,11.99,"Windows, macOS, iOS, Android, Fire TV, Router, Chrome, Linux, Android TV",,30,950,logs_kept,12,No,Yes
SurfEasy VPN,1.09,4.2,5.0,0.15,,0.45,,4,,,,,,,,,,,,,24,0,,3,,
Surfshark,7.94,9.3,5.57,9.8,7.43,7.3,9.12,6,7 of 7,2026-06-27T12:38:10Z,working,,,working,2026-06-25T03:25:34Z,1.99,6.58,15.45,"Windows, macOS, Linux, iOS, Android, Android TV, Apple TV, Fire TV, Router, Chrome, Firefox, Edge",720.215,100,4500,audited,Unlimited,No,No
Torguard,3.24,6.5,5.0,0.6,,6.51,2.8,5,,,,,,,,4.27,5.49,10.99,"Windows, macOS, Linux, iOS, Android, Router",,50,3000,logs_kept,8,Yes,Yes
TunnelBear,3.04,6.4,5.0,0.3,,6.1,4.4,5,,,,,,,,3.33,4.99,9.99,"Windows, macOS, iOS, Android, Linux, Chrome, Firefox, Edge",,47,8000,claimed,unlimited,No,No
TurboVPN,3.56,6.5,5.0,0.45,,6.7,5.8,5,,,,,,,,2.96,2.96,11.99,"Windows, macOS, iOS, Android, Chrome, Linux, Edge, Android TV",,111,21000,logs_kept,10/20,No,Yes
Ultrasurf,1.49,4.1,5.0,0.3,,1.01,1.2,5,,,,,,,,,,,,,44,86,,6,No,
Unblock VPN,2.32,5.1,5.0,0.6,,5.46,0.8,5,,,,,,,,3.85,,13.88,"Windows, macOS, iOS, Android, Linux",,3,50,logs_kept,10,No,No
Unlocator VPN,3.33,5.0,5.0,0.6,,6.66,4.1,5,,,,,,,,4.96,4.96,11.99,"Windows, macOS, Android, iOS, Linux, Router, Android TV, Apple TV, Fire TV, Smart TV",,40,700,logs_kept,10,No,Yes
VeePN,3.55,6.7,5.0,0.45,,6.0,6.22,5,,,,,,,,1.99,1.99,14.99,"Windows, macOS, iOS, Android, Chrome, Firefox, Edge, Router, Android TV, Fire TV, Smart TV, Linux, Apple TV",,85,2600,logs_kept,5/10/20,No,Yes
VPN Proxy Master,3.55,5.8,5.0,0.6,,6.36,5.1,5,,,,,,,,2.96,12.99,12.99,"Windows, macOS, iOS, Android, Chrome, Fire TV, Apple TV, Smart TV, Android TV",,52,20000,logs_kept,10,No,Yes
VPN Shield,1.92,3.5,5.0,0.3,,4.15,1.2,5,,,,,,,,2.78,,5.99,"iOS, macOS, Android, Windows",,11,1,,5,,
VPN Unlimited,3.31,6.2,5.0,0.45,,6.65,4.3,5,,,,,,,,4.50,5.00,9.99,"Windows, macOS, Linux, iOS, Android, Chrome, Firefox, Edge, Apple TV, Fire TV, Router",,12,3000,logs_kept,3,Yes,Yes
VPNArea,2.02,5.6,5.0,0.3,,2.0,,4,,,,,,,,,,,,,69,480,,Unlimited,Yes,
VPNBook,2.25,5.8,5.0,0.15,,4.55,2.9,5,,,,,,,,0.00,0.00,0.00,"Windows, macOS, Linux, iOS, Android",,6,15,logs_kept,0,No,No
VPNGate,1.12,3.6,5.0,0.15,,0.95,0.7,5,,,,,,,,,,,,,239,6788,,0,,
VPNSecure,3.34,6.7,5.0,0.6,,8.3,2.5,5,,,,,,,,2.99,2.99,9.95,"Windows, macOS, Linux, iOS, Android, Router",,45,100,logs_kept,Unlimited,Yes,Yes
VyprVPN,3.87,7.0,5.0,0.6,,6.76,6.12,5,,,,,,,,3.00,3.00,5.00,"Windows, macOS, iOS, Android, Linux, Apple TV, Fire TV, Android TV, Router",,63,700,claimed,10,No,Yes
Windscribe,3.29,7.5,5.0,0.3,,6.16,5.6,5,,,,,,,,5.75,5.75,9.00,,,71,700,claimed,10,No,No
Witopia VPN,3.21,6.2,5.0,0.45,,5.4,4.5,5,,,,,,,,2.49,3.99,9.99,,,40,650,logs_kept,5/8,No,No
X-VPN,3.8,6.9,5.0,0.6,,5.65,6.8,5,,,,,,,,2.99,11.99,11.99,"Windows, macOS, iOS, Android, Linux, Apple TV, Android TV, Chrome, Fire TV, Router",,80,10000,claimed,5,No,No
ZoogVPN ,3.75,6.7,5.0,0.6,,6.8,5.4,5,,,,,,,,2.49,9.99,9.99,,,81,157,logs_kept,Unlimited,No,Yes
